{"py/object": "rasa_core.featurizers.MaxHistoryTrackerFeaturizer", "max_history": 5, "remove_duplicates": true, "state_featurizer": {"py/object": "rasa_core.featurizers.BinarySingleStateFeaturizer", "input_state_map": {"entity_attempts": 12, "entity_ch": 11, "entity_mobile": 14, "entity_otp": 15, "entity_policy": 13, "entity_verifyotp": 16, "intent_affirm": 0, "intent_choice": 1, "intent_deny": 2, "intent_dev": 3, "intent_faq": 4, "intent_goodbye": 5, "intent_greet": 6, "intent_number": 7, "intent_otpi": 8, "intent_policy": 9, "intent_policynumber": 10, "prev_action_back": 31, "prev_action_deactivate_form": 27, "prev_action_default_ask_affirmation": 29, "prev_action_default_ask_rephrase": 30, "prev_action_default_fallback": 26, "prev_action_faq": 51, "prev_action_listen": 24, "prev_action_manage_policy": 35, "prev_action_restart": 25, "prev_action_revert_fallback_events": 28, "prev_action_show_details": 45, "prev_action_updated_freq": 47, "prev_action_verify_otp": 53, "prev_action_welcm_done": 48, "prev_get_number_form": 38, "prev_utter_ask_no": 36, "prev_utter_continue": 41, "prev_utter_correct": 44, "prev_utter_faq": 43, "prev_utter_freq": 39, "prev_utter_goodbye": 33, "prev_utter_greet": 40, "prev_utter_incorrect": 50, "prev_utter_manage": 37, "prev_utter_otp_sent": 46, "prev_utter_restart": 52, "prev_utter_start": 32, "prev_utter_thanks": 42, "prev_utter_unclear": 34, "prev_utter_under_dev": 49, "slot_attempts_0": 17, "slot_ch_0": 18, "slot_mobile_0": 19, "slot_number_0": 20, "slot_otp_0": 21, "slot_policy_0": 22, "slot_verifyotp_0": 23}, "num_features": 54, "slot_feature_len": 7, "user_feature_len": 17}, "use_intent_probabilities": false}