{
  "{\"ch\":\"ch1\"}": "ch1",
  "{\"ch\":\"mn1\"}": "mn1",
  "{\"ch\":\"mnpolicyfreq\"}": "mnpolicyfreq",
  "{\"ch\":\"qly\"}": "qly",
  "{\"ch\":\"faq3\"}": "faq3",
  "{\"ch\":\"yly\"}": "yly",
  "{\"ch\":\"mn2\"}": "mn2",
  "{\"ch\":\"mn3\"}": "mn3",
  "{\"ch\":\"mnpolicypay\"}": "mnpolicypay",
  "{\"ch\":\"ch2\"}": "ch2",
  "+918588010953": "+ 918588010953",
  "+919876543210": "+ 919876543210",
  "+918976543210": "+ 918976543210",
  "+919867543210": "+ 919867543210",
  "{\"policy\": \"21334645\"}": "21334645",
  "{\"policy\": \"12345678\"}": "12345678"
}