[
  {
    "username": "cf14aa82-b4fe-49ef-a888-8046e0434970",
    "message": { "text": "_utter_all", "type": "text" },
    "time": "2018-03-23T16:36:54.508406"
  },
  {
    "username": "bot",
    "message": { "text": "Uttering all templates:", "type": "text" },
    "time": "2018-03-23T16:36:54.520910"
  },
  {
    "username": "bot",
    "message": { "text": "__utter_greet__", "type": "text" },
    "time": "2018-03-23T16:36:54.522423"
  },
  {
    "username": "bot",
    "message": { "text": "Hey there! What can I do for you?", "type": "text" },
    "time": "2018-03-23T16:36:54.524323"
  },
  {
    "username": "bot",
    "message": { "text": "Hello :-) How can I help you?", "type": "text" },
    "time": "2018-03-23T16:36:54.525433"
  },
  {
    "username": "bot",
    "message": { "text": "__utter_get_in_contact__", "type": "text" },
    "time": "2018-03-23T16:36:54.526613"
  },
  {
    "username": "bot",
    "message": {
      "text": "Simply tell me your request :-) I will forward it to my human colleagues who will contact you.\n",
      "type": "text"
    },
    "time": "2018-03-23T16:36:54.528572"
  },
  {
    "username": "bot",
    "message": { "text": "__utter_restart__", "type": "text" },
    "time": "2018-03-23T16:36:54.529814"
  },
  {
    "username": "bot",
    "message": { "text": "What else can I do for you?", "type": "text" },
    "time": "2018-03-23T16:36:54.531707"
  },
  {
    "username": "bot",
    "message": { "text": "__utter_handoff__", "type": "text" },
    "time": "2018-03-23T16:36:54.532833"
  },
  {
    "username": "bot",
    "message": {
      "text": "I'm only 0s and 1s and unfortunately can't help you with that. You can contact my creators at [hello@scalableminds.com](mailto:hello@scalableminds.com).\n",
      "type": "text"
    },
    "time": "2018-03-23T16:36:54.669122"
  },
  {
    "username": "bot",
    "message": {
      "text": "You got me, that's something I know nothing about. But maybe my creators do, ask them at [hello@scalableminds.com](mailto:hello@scalableminds.com).\n",
      "type": "text"
    },
    "time": "2018-03-23T16:36:54.669897"
  },
  {
    "username": "bot",
    "message": {
      "text": "Mhm, my creators didn't tell me about that. You can ask them about it at [hello@scalableminds.com](mailto:hello@scalableminds.com).\n",
      "type": "text"
    },
    "time": "2018-03-23T16:36:54.670752"
  },
  {
    "username": "bot",
    "message": { "text": "__utter_neutral__", "type": "text" },
    "time": "2018-03-23T16:36:54.671643"
  },
  {
    "username": "bot",
    "message": { "text": "How can I help you?", "type": "text" },
    "time": "2018-03-23T16:36:54.672870"
  },
  {
    "username": "bot",
    "message": { "text": "What can I do for you?", "type": "text" },
    "time": "2018-03-23T16:36:54.673748"
  },
  {
    "username": "bot",
    "message": { "text": "What would you like to know?", "type": "text" },
    "time": "2018-03-23T16:36:54.674632"
  },
  {
    "username": "bot",
    "message": { "text": "__utter_services__", "type": "text" },
    "time": "2018-03-23T16:36:54.675616"
  },
  {
    "username": "bot",
    "message": {
      "text": "My team from scalable minds can help you with many services. We offer\n* [Systems Design](https://scalableminds.com/services/#systems-design),\n* [Software Engineering](https://scalableminds.com/services/#software-engineering), and\n* [Project Management](https://scalableminds.com/services/#pm).\nWhat exactly do you need?\n",
      "type": "text"
    },
    "time": "2018-03-23T16:36:54.677484"
  },
  {
    "username": "bot",
    "message": { "text": "__utter_mail_sent__", "type": "text" },
    "time": "2018-03-23T16:36:54.680846"
  },
  {
    "username": "bot",
    "message": {
      "text": "Thanks, I just sent a mail to my human colleagues. They will contact you soon regarding your request.\n",
      "type": "text"
    },
    "time": "2018-03-23T16:36:54.682292"
  },
  {
    "username": "bot",
    "message": { "text": "__utter_explain_chatbots__", "type": "text" },
    "time": "2018-03-23T16:36:54.683278"
  },
  {
    "username": "bot",
    "message": {
      "text": "I am a [chatbot](https://en.wikipedia.org/wiki/Chatbot),\nbuild by scalable minds with [Rasa](http://rasa.com/) technology.",
      "type": "text"
    },
    "time": "2018-03-23T16:36:54.684828"
  },
  {
    "username": "bot",
    "message": {
      "text": "I process your input and decide what to do using state of the art machine learning algorithms.",
      "type": "text"
    },
    "time": "2018-03-23T16:36:54.685874"
  },
  {
    "username": "bot",
    "message": {
      "text": "Would you like to get more information and support about chatbots?\n",
      "type": "text"
    },
    "time": "2018-03-23T16:36:54.686917"
  },
  {
    "username": "bot",
    "message": { "text": "__utter_no_contact__", "type": "text" },
    "time": "2018-03-23T16:36:54.687994"
  },
  {
    "username": "bot",
    "message": {
      "text": "What a pity. You can write us your request to [hello@scalableminds.com](mailto:hello@scalableminds.com).\n",
      "type": "text"
    },
    "time": "2018-03-23T16:36:54.689465"
  },
  {
    "username": "bot",
    "message": { "text": "__utter_welcome_message__", "type": "text" },
    "time": "2018-03-23T16:36:54.690549"
  },
  {
    "username": "bot",
    "message": {
      "text": "Hello, I'm scalableMike.\nI'm here to inform you about\n* scalable minds,\n* chatbots like me, and\n* the weather in Potsdam,\n  just in case you are curious to talk to a bot.",
      "type": "text"
    },
    "time": "2018-03-23T16:36:54.692104"
  },
  {
    "username": "bot",
    "message": { "text": "So, how can I help you?\n", "type": "text" },
    "time": "2018-03-23T16:36:54.693187"
  },
  {
    "username": "bot",
    "message": { "text": "__utter_inform_post_address__", "type": "text" },
    "time": "2018-03-23T16:36:54.694456"
  },
  {
    "username": "bot",
    "message": {
      "text": "The address of our office is [August-Bebel-Stra\u00dfe 27, 14482 Potsdam, Germany](https://www.google.com/maps/place/scalable+minds+UG+%26+Co.+KG/@52.3882084,13.119842,652m/data=!3m2!1e3!4b1!4m5!3m4!1s0x47a85f4655be769f:0x95df49e283f9ebe7!8m2!3d52.3882051!4d13.1220307).\n",
      "type": "text"
    },
    "time": "2018-03-23T16:36:54.696097"
  },
  {
    "username": "bot",
    "message": { "text": "__utter_contact_request__", "type": "text" },
    "time": "2018-03-23T16:36:54.697725"
  },
  {
    "username": "bot",
    "message": {
      "text": "We would like to get back to you regarding your request. What is your email adress, so we can contact you?\n",
      "type": "text"
    },
    "time": "2018-03-23T16:36:54.699414"
  },
  {
    "username": "bot",
    "message": { "text": "__utter_help__", "type": "text" },
    "time": "2018-03-23T16:36:54.700678"
  },
  {
    "username": "bot",
    "message": {
      "text": "I'm scalableMike, a chatbot. You can ask me questions like",
      "type": "text"
    },
    "time": "2018-03-23T16:36:54.702297"
  },
  {
    "username": "bot",
    "message": {
      "buttons": [
        {
          "payload": "What does scalable minds do?",
          "title": "What does scalable minds do?"
        },
        {
          "payload": "How do chatbots work?",
          "title": "How do chatbots work?"
        },
        { "payload": "How is the weather?", "title": "How is the weather?" }
      ],
      "type": "button"
    },
    "time": "2018-03-23T16:36:54.703486"
  },
  {
    "username": "bot",
    "message": { "text": "__utter_you_are_welcome__", "type": "text" },
    "time": "2018-03-23T16:36:54.704870"
  },
  {
    "username": "bot",
    "message": { "text": "You're welcome.", "type": "text" },
    "time": "2018-03-23T16:36:54.706627"
  },
  {
    "username": "bot",
    "message": { "text": "No worries.", "type": "text" },
    "time": "2018-03-23T16:36:54.710432"
  },
  {
    "username": "bot",
    "message": { "text": "Sure thing.", "type": "text" },
    "time": "2018-03-23T16:36:54.711818"
  },
  {
    "username": "bot",
    "message": { "text": "__utter_bye__", "type": "text" },
    "time": "2018-03-23T16:36:54.713165"
  },
  {
    "username": "bot",
    "message": { "text": "Goodbye.", "type": "text" },
    "time": "2018-03-23T16:36:54.714941"
  },
  {
    "username": "bot",
    "message": { "text": "See you next time.", "type": "text" },
    "time": "2018-03-23T16:36:54.716331"
  },
  {
    "username": "bot",
    "message": { "text": "__utter_inform_email_address__", "type": "text" },
    "time": "2018-03-23T16:36:54.717741"
  },
  {
    "username": "bot",
    "message": {
      "text": "Our email address is [hello@scalableminds.com](mailto:hello@scalableminds.com).",
      "type": "text"
    },
    "time": "2018-03-23T16:36:54.719505"
  },
  {
    "username": "bot",
    "message": { "text": "__utter_inform_about_scm__", "type": "text" },
    "time": "2018-03-23T16:36:54.720932"
  },
  {
    "username": "bot",
    "message": {
      "text": "scalable minds is a [team of software engineers](https://scalableminds.com/team/), experienced in developing, deploying and maintaining highly-scalable software systems and AI technologies.\n",
      "type": "text"
    },
    "time": "2018-03-23T16:36:54.722726"
  },
  {
    "username": "bot",
    "message": { "text": "__utter_contact_retry__", "type": "text" },
    "time": "2018-03-23T16:36:54.724201"
  },
  {
    "username": "bot",
    "message": {
      "text": "This does not seem to be a valid email adress. Could you please try again?\n",
      "type": "text"
    },
    "time": "2018-03-23T16:36:54.726018"
  },
  {
    "username": "bot",
    "message": {
      "text": "Please enter a valid email address:",
      "type": "text"
    },
    "time": "2018-03-23T16:36:54.727463"
  }
]
