{
  "action_fingerprints": {
    "action_listen": {
      "slots": [
        "mobile",
        "ch",
        "policy",
        "otp"
      ]
    },
    "get_number_form": {
      "slots": [
        "mobile",
        "requested_slot"
      ]
    },
    "action_verify_otp": {
      "slots": [
        "otp",
        "attempts",
        "verifyotp",
        "requested_slot"
      ]
    },
    "action_restart": {
      "slots": []
    },
    "utter_start": {
      "slots": []
    }
  },
  "python": "3.6.8",
  "max_histories": [
    5,
    null,
    5,
    2,
    5
  ],
  "ensemble_name": "rasa_core.policies.ensemble.SimplePolicyEnsemble",
  "policy_names": [
    "rasa_core.policies.keras_policy.KerasPolicy",
    "rasa_core.policies.fallback.FallbackPolicy",
    "rasa_core.policies.memoization.MemoizationPolicy",
    "rasa_core.policies.form_policy.FormPolicy",
    "rasa_core.policies.mapping_policy.MappingPolicy"
  ],
  "trained_at": "20190607-113254",
  "rasa_core": "0.14.4",
  "tensorflow": "1.13.1",
  "sklearn": "0.20.3"
}